{
  "libARDiscovery": 4.671058893203735, 
  "ulog": 2.667078971862793, 
  "libARDataTransfer": 7.4350690841674805, 
  "libARStream": 4.695697069168091, 
  "libARCommands": 19.48529314994812, 
  "mavlink.git": 8.222026109695435, 
  "Alchemy": 4.309194087982178, 
  "Samples": 3.10904598236084, 
  "libpuf": 2.346508026123047, 
  "ARSDKTools": 4.327834129333496, 
  "libsdp": 2.4682459831237793, 
  "libmux": 2.7812931537628174, 
  "arsdk_products": 3.2894959449768066, 
  "libARSAL": 6.6682350635528564, 
  "libARNetwork": 4.668095111846924, 
  "libARMavlink": 3.4488348960876465, 
  "libARUtils": 3.6762540340423584, 
  "apps_tools": 3.0321080684661865, 
  "ARSDK3": 2.416264057159424, 
  "libfutils": 2.8173089027404785, 
  "libpomp": 3.6276309490203857, 
  "libARNetworkAL": 3.6439669132232666, 
  "repo": 1.3001267910003662, 
  "dragon_build": 2.6542508602142334, 
  "libARUpdater": 6.017069101333618, 
  "libARController": 4.540482997894287, 
  "libARMedia": 7.962821006774902, 
  "libtar": 3.4112601280212402, 
  "libARStream2": 5.972589015960693, 
  "ARSDKBuildUtils": 2.365797996520996, 
  "arsdk-xml": 2.5860800743103027, 
  "librtsp": 2.792759895324707
}